1|earth|Creation globe
2|tree|Eden's tree
3|altar|Abel's offering
4|footsteps|Enoch's path
5|ark|Noah's ark
6|rainbow|Covenant rainbow
7|tower|Babel's tower
8|tent|Abraham's tent
9|stars|Stars of promise
10|ram|The mountain ram
11|fire|Sodom's warning
12|jar|Rebekah's water jar
13|bowl|The lentil bowl
14|ladder|Jacob's ladder
15|moon|Night at the Jabbok
16|coat|Joseph's colorful coat
17|grain|Egypt's seven ears
18|sack|The brothers' grain sack
19|basket|Moses' river basket
20|frog|The Egyptian frog
21|lamb|Passover lamb
22|sea|The parted sea
23|bread|Manna in the wilderness
24|tablets|Sinai's stone tablets
25|calf|The golden calf
26|shield|Shield of the law
27|sanctuary|Wilderness sanctuary
28|censer|The priestly censer
29|scroll|The covenant scroll
30|trumpet|The camp's silver trumpet
31|grapes|Grapes of Canaan
32|staff|Aaron's budding rod
33|sandals|Wilderness sandals
34|rock|Water from the rock
35|snake|The bronze serpent
36|gate|Bashan's city gate
37|donkey|Balaam's donkey
38|river|The Jordan crossing-place
39|tablets|The law remembered
40|mountain|The summit of Nebo
41|stones|Jordan's memorial stones
42|trumpet|Jericho's ram's horn
43|mountains|Ebal and Gerizim
44|loaf|The Gibeonites' bread
45|map|The promised inheritance
46|stone|Joshua's witness stone
47|wheat|The gleaner's sheaf
48|torch|Gideon's torch
49|pillars|Samson's pillars
50|lamp|Samuel's sanctuary lamp
51|chest|The ark of the covenant
52|crown|Israel's first crown
53|sword|Jonathan's sword
54|robe|The torn royal robe
55|horn|David's anointing horn
56|sling|David's sling
57|cave|The fugitive's cave
58|flask|Saul's water flask
59|shield|The fallen king's shield
60|sack|The recovered provisions
61|throne|David's throne
62|harp|The psalmist's harp
63|heart|A contrite heart
64|tree|The oak of Absalom
65|cedar|Timber for the temple
66|scroll|Israel's family record
67|vine|The Lord's vineyard
68|scale|Solomon's wisdom scales
69|temple|The dedicated temple
70|coins|Treasures of prosperity
71|book|The book of Ecclesiastes
72|robe|The divided cloak
73|altar|Jeroboam's altar
74|pillar|The abandoned altar-stone
75|raven|Elijah's raven
76|jar|The widow's oil jar
77|fire|Fire on Carmel
78|cloud|The rain-cloud promise
79|cave|The cave at Horeb
80|staff|Elijah's prophet staff
81|harp|Jehoshaphat's song
82|vine|Naboth's vineyard
83|plough|Elisha's plough
84|salt|The bowl of healing salt
85|oil|The overflowing oil
86|river|Naaman's healing river
87|axe|The floating axe head
88|fish|Jonah's great fish
89|chain|The exile's chain
90|coal|Isaiah's altar coal
91|eagle|Wings of renewal
92|sundial|Ahaz's sundial
93|door|The reopened temple door
94|sun|Hezekiah's returning shadow
95|shield|Jerusalem's deliverance
96|banner|A banner for the nations
97|crown|The humbled crown
98|scroll|The rediscovered law
99|branch|Jeremiah's almond branch
100|scroll|Jeremiah's warning scroll
101|yoke|Jeremiah's wooden yoke
102|harp|The exile's silent harp
103|deed|The field's sealed deed
104|bowl|Daniel's simple table
105|statue|The dream's great statue
106|furnace|The fiery furnace
107|stump|The king's humbled tree
108|writing|Writing on the wall
109|lion|Daniel's lion
110|trumpet|The exiles' homecoming horn
111|hammer|The temple builder's hammer
112|robe|Joshua's clean robe
113|menorah|The golden lampstand
114|scepter|Esther's golden scepter
115|quill|Ezra's scribe pen
116|scroll|The renewed covenant
117|cup|The cupbearer's cup
118|trowel|Nehemiah's building trowel
119|coins|The returned silver
120|gate|The guarded wall gate
121|book|The opened law book
122|door|The Sabbath gates
123|star|The promised Deliverer's star
124|vine|The restored vineyard
125|lily|The desert blossom
126|river|The life-giving river
127|lamp|Light among us
128|hourglass|The fullness of time
129|manger|Bethlehem's manger
130|dove|The temple offering
131|gifts|The travelers' gifts
132|carpenter|The carpenter's tools
133|reed|The wilderness reed
134|dove|The baptism dove
135|stones|Stones in the wilderness
136|lamb|The Lamb proclaimed
137|waterpots|Cana's water pots
138|whip|The temple cord
139|lamp|Nicodemus' night lamp
140|river|John's baptism waters
141|well|The Samaritan well
142|house|The nobleman's home
143|pool|Bethesda's pool
144|chain|John's prison chain
145|boat|The Galilean fishing boat
146|scroll|Nazareth's Scripture scroll
147|net|The disciples' fishing net
148|house|Capernaum's doorway
149|mat|The carried sleeping mat
150|coins|Matthew's tax coins
151|wheat|The Sabbath grain
152|stars|The twelve chosen lights
153|mountain|The sermon mountain
154|helmet|The centurion's helmet
155|house|The welcoming household
156|seed|The sower's seeds
157|boat|The storm-tossed boat
158|fringe|The garment's fringe
159|sandals|The evangelist's sandals
160|palm|A quiet place to rest
161|breadfish|Five loaves and two fish
162|wave|The midnight waves
163|loaf|The bread of life
164|basin|The washing vessel
165|crumbs|The table's crumbs
166|bowl|The leavened dough
167|keys|The kingdom keys
168|mountain|The radiant mountain
169|lamp|The light of faith
170|fishcoin|The fish and the coin
171|branches|The festival branches
172|stone|The unthrown stone
173|sun|The light of the world
174|staff|The shepherd's crook
175|sandals|The road to Jerusalem
176|oil|The Samaritan's healing oil
177|seed|The hidden kingdom seed
178|flower|A child's blessing
179|chest|The rich ruler's treasure
180|tomb|Lazarus' opened tomb
181|scroll|The council's decree
182|cup|The cup of service
183|tree|Zacchaeus' sycamore
184|perfume|Mary's alabaster jar
185|palm|The entry's palm branch
186|fig|The fig-tree branch
187|coins|The overturned money table
188|coin|Caesar's tribute coin
189|twocoins|The widow's two coins
190|grain|The grain that bears fruit
191|leaf|The watching fig branch
192|lamp|The waiting bridesmaid's lamp
193|basin|The basin and towel
194|breadcup|The supper bread and cup
195|vine|The true vine
196|olive|Gethsemane's olive branch
197|rooster|The rooster at dawn
198|sack|The silver purse
199|thorns|The crown of thorns
200|cross|The cross of Calvary
201|seal|The sealed tomb-stone
202|tomb|The resurrection tomb
203|perfume|The garden's spice jar
204|bread|The Emmaus bread
205|door|The room of peace
206|net|The morning catch
207|globe|The great commission globe
208|cloud|The ascension cloud
209|temple|The gathered church
210|compass|The witness's compass
211|stars|The waiting disciples' sky
212|flame|The Pentecost flame
213|gate|The Beautiful Gate
214|sack|The shared provision bag
215|chain|The opened prison chain
216|basket|The seven servants' basket
217|stones|Stephen's witness stones
218|chariot|The Ethiopian's chariot
219|sun|The Damascus light
220|basket|The wall-side escape basket
221|cloth|Peter's vision sheet
222|door|Peter's opened prison door
223|map|Antioch's mission map
224|ship|The Cyprus mission ship
225|sandals|The apostles' travel sandals
226|scroll|The council's letter
227|staff|Timothy's travel staff
228|lyre|The midnight song
229|book|The Thessalonian Scriptures
230|scroll|The Berean search scroll
231|tent|The tentmaker's canvas
232|trumpet|The trumpet of hope
233|water|The way explained
234|fire|The surrendered books
235|temple|The Ephesian temple
236|heart|Love that endures
237|jar|Treasure in a clay jar
238|scale|The gift of righteousness
239|fruit|The Spirit's fruit
240|lamp|The upper-room lamp
241|chain|The witness's bonds
242|scroll|The hearing before Felix
243|seal|The appeal to Caesar
244|crown|Agrippa's royal crown
245|anchor|The shipwreck anchor
246|letter|The letter of reconciliation
247|flower|Joy in hardship
248|armor|The armor of God
249|torch|The entrusted flame
250|stone|The living stone
251|star|The morning star
252|heart|The apostle's heart of love
253|city|Jerusalem's remembered walls
254|book|The reformers' open Bible
255|trumpet|The angels' proclamation
256|sanctuary|The heavenly sanctuary
257|scroll|The sealed heavenly scroll
258|shield|The shield of faithfulness
259|mirror|The mirror of the Word
260|eagle|The wilderness wings
261|bowls|The seven golden bowls
262|menorah|The seven lampstands
263|chain|The final binding chain
264|city|The restored city's gates
